,AMINO_ACID_COUPLE,REASON
0,EE,-0.9020488588800568
1,EG,-1.046299122281606
2,GL,0.39857224308671463
3,LI,0.7610626980069176
4,IW,0.48314910465403227
5,WV,0.4216134232154359
6,VV,0.6035838535228929
7,VG,0.4143487494293376
8,GP,-0.6901629758035036
9,PV,-0.38070614621061766
10,VL,0.6386524725608174
11,LA,0.5808176573311301
12,AV,0.5743706520694645
13,VF,0.5252247644069991
14,FI,0.6990428073185146
15,II,0.7893701733023327
16,IC,0.5308439866642238
17,CI,0.4482431260273027
18,IV,0.7164374889866003
19,VI,0.6933286043502447
20,IA,0.6527574960696384
21,AI,0.5632289095559277
22,IL,0.692087953696682
23,LL,0.7584839255303292
24,LY,0.35596885513122944
25,YK,0.1823291667846677
26,KR,0.3071224679453049
27,RK,0.3273269859830482
28,RA,-0.18259333041969214
29,AE,-0.6541290791809055
30,ES,-0.743689297731434
31,SD,-0.9949349037628122
32,DS,-0.797311144679001
33,SR,-0.20446058566982056
34,EM,-0.6351387442109055
35,ML,0.4092199773063844
36,LW,0.5577549870626591
37,VT,0.04711848559157825
38,TG,-0.17868005170837195
39,LF,0.6808286723748396
40,FK,-0.08849792399557214
41,ME,-0.7262192135582382
42,EW,-0.35529804761686246
43,WI,0.40413589671332234
44,IP,-0.29119895382325556
45,PL,-0.24306299553409746
46,VS,0.058108591770009675
47,SA,-0.10664372327154538
48,AL,0.5256490381890642
49,LT,0.21317806979545223
50,TF,-0.019492652117644713
51,FV,0.555343694723464
52,VC,0.38081982389989766
53,CL,0.49615837167489674
54,LV,0.6708463094393294
55,VY,0.29884443328449906
56,YW,0.08706110084358809
57,WR,0.36370954991293003
58,RG,-0.6349193481557708
59,GC,0.04630272627379097
60,IG,0.517857018938891
61,KN,-0.3863654855681631
62,NK,-0.24718829749981974
63,GI,0.4813401851131285
64,IY,0.29008912864652464
65,KC,0.0016482602905640328
66,AG,0.1909750007123841
67,GV,0.33721640090965327
68,GA,0.19989647533143645
69,AF,0.35368627620030707
70,FL,0.63548076830458
71,IF,0.6717759401182419
72,FF,0.6069133914937378
73,LK,-0.11767675840767465
74,RR,0.3622910582373958
75,RN,-0.4073650120845448
76,NV,-0.5156732609333906
77,IS,0.04091376744201017
78,SV,0.12270145711272175
79,LS,0.07860996312023645
80,ST,-0.3488159200889421
81,TL,0.17067479483215026
82,LR,-0.02234860861045422
83,KK,0.15774937745391995
84,QP,-1.2025493313765403
85,AW,0.2526700228894895
86,WL,0.3926891837767096
87,LP,-0.32251180023721804
88,AA,0.35444591911220147
89,AY,0.1458733365149324
90,YF,0.2979144661584812
91,FR,-0.0503925299719409
92,RF,-0.31214708280229875
93,KQ,-0.17487823629802374
94,QR,-0.04969167154685515
95,GF,0.19064382249623102
96,FY,0.21187837346510738
97,YA,0.14026669419005647
98,SI,0.1091150569606439
99,TC,-0.12856200084776004
100,LM,0.4652864707857727
101,MI,0.514795642084227
102,YR,0.08210872517736173
103,RL,-0.10848674321656036
104,KE,-0.5239012852799938
105,PM,-0.3619426193142112
106,MR,-0.17232867789034698
107,RS,-0.13470086797881323
108,VA,0.5846027261586257
109,LC,0.4766907073792639
110,CV,0.37385642028574645
111,VR,-0.09483928723485638
112,RQ,-0.0659587186973359
113,QH,-0.53613998014294
114,HA,-0.5289969187588246
115,RV,-0.3306252448820972
116,VK,-0.19945142798427987
117,KI,-0.11350761392791356
118,KS,-0.2195425384644609
119,SK,-0.20530005447079142
120,KL,-0.13638604387295913
121,AK,-0.18649463283385828
122,HT,-0.6361246571925567
123,TV,0.17536788366711345
124,LG,0.43448345151576223
125,VM,0.41029391874905957
126,MK,-0.16067698636246036
127,TI,0.24495463988814295
128,IK,-0.1572507576746907
129,NA,-0.6100828553282065
130,YS,-0.26325366014967394
131,SY,-0.12650555283777404
132,YY,0.10270882479952251
133,YL,0.31251397472876963
134,QK,-0.12289880833817304
135,ET,-0.685637053012324
136,TQ,-0.4569963614113933
137,GM,0.08209322821998703
138,CR,0.16378959707616214
139,KV,-0.20616865595795972
140,FG,0.18102729540891993
141,GG,-0.09778649400896533
142,FW,0.3996530036878703
143,IE,-0.8413101925703776
144,PA,-0.7461816353426598
145,AT,0.028639738396790335
146,FC,0.567889283592031
147,CY,0.3040844994343746
148,YG,-0.11798444463889127
149,GR,-0.5157313473194367
150,GY,-0.2688554389981101
151,RD,-0.5808161749740177
152,DL,-0.6821460763434898
153,MT,-0.03888879915957424
154,TA,0.03330236492311442
155,WG,-0.0729490168923988
156,FT,-0.005926506839328421
157,FH,-0.20785197001071123
158,HK,-0.17964524844890659
159,SG,-0.3323704893807081
160,GE,-1.3861961175426092
161,FA,0.3578726620269207
162,YC,0.1850260555995386
163,CW,0.23746192063313767
164,KA,-0.17328642156517518
165,AS,-0.10173243442512926
166,SL,0.12561481633193952
167,MV,0.3339121194300002
168,YV,0.20807355672702096
169,SW,-0.14513796131522846
170,AP,-0.8187105257688432
171,TM,0.059675300353955574
172,FM,0.3843228919414712
173,MA,0.1312521268023593
174,LQ,-0.3272108292381745
175,RT,-0.2984014214767784
176,QF,-0.2959399872210904
177,VD,-0.8794217850978351
178,DT,-0.7904413145534508
179,QQ,-0.33394421189714296
180,VW,0.32136913622796603
181,WF,0.4152061836650092
182,HV,-0.32002791135106823
183,IM,0.5078841261985939
184,MF,0.42518186508536376
185,VN,-0.49352916018521115
186,NT,-0.6499878652498245
187,IR,-0.04564017312011297
188,EL,-0.6473899554930609
189,MG,0.1917551980287893
190,PW,-0.10074279202737368
191,FS,0.04228641909352226
192,TT,-0.34158595419101834
193,WA,0.14389075618265987
194,TE,-0.8541653000654856
195,LH,-0.0997217338394647
196,HL,-0.22918791587653983
197,SE,-0.8691688807162667
198,HI,-0.3732022516557868
199,CG,-0.033708514258476145
200,GT,-0.1640049297113878
201,CC,0.7089234995473496
202,DW,-0.6714167140750668
203,GS,-0.2449714663665008
204,SF,0.026316961626832256
205,LN,-0.5290853517629793
206,NR,-0.3608042320781217
207,AR,-0.24570212858575474
208,AN,-0.6096760220601387
209,NW,-0.2561890705088679
210,WM,0.030349787250623785
211,PS,-0.8572303878391321
212,TH,-0.6416696113698633
213,HY,-0.09004132160695544
214,FN,-0.4346479844733292
215,RW,0.09702946666806679
216,WK,0.3730364521381505
217,PG,-1.093383343539842
218,TS,-0.29972775075562363
219,EA,-0.754626774300317
220,VP,-0.31615144162336845
221,CF,0.4547005700187758
222,DA,-0.9624460659663707
223,SS,-0.4195453950191493
224,SH,-0.52497420506989
225,HQ,-0.27643253730244866
226,RM,-0.15727658317238824
227,DE,-0.9086661150451004
228,EH,-0.7401755834496582
229,HS,-0.466872822667181
230,SM,-0.03125640145547023
231,IH,-0.1549939410947274
232,MC,0.28044049209588484
233,SQ,-0.5673869599440625
234,VE,-0.7885792545024997
235,EQ,-0.7935589536936949
236,QV,-0.4488612198244614
237,PT,-0.814155915129361
238,MW,0.33432475079776636
239,WS,-0.0027429044445424775
240,KT,-0.2506424500090016
241,PI,-0.1889666258503374
242,AC,0.2579842585385474
243,RI,-0.26162820973608725
244,TY,-0.15594138404060295
245,LE,-0.6545964574062462
246,ER,-0.4477989417198638
247,KF,-0.23635429723684634
248,YI,0.1809446592214566
249,PF,-0.23831469627771285
250,TR,-0.27874094539538646
251,RY,-0.21349621167129462
252,RE,-0.4445722137171161
253,CK,-0.06645819486728793
254,DR,-0.6315044595558116
255,TW,-0.04735184694564228
256,WT,-0.07179430341330217
257,IT,0.16510192437655916
258,KW,-0.10133959641138757
259,NS,-0.9364284077342837
260,KY,-0.08192415049216725
261,WC,0.34080730645911445
262,TK,-0.3759362717709167
263,RH,0.03431930963843704
264,HW,0.06793027942263176
265,YH,-0.09049720548675977
266,MY,0.3253527145054208
267,YT,-0.17418598718613043
268,FQ,-0.26518339293422327
269,KH,-0.2186008761659994
270,HM,-0.23568814451362943
271,CS,-0.21101248801973355
272,GH,-0.7040551267044232
273,AM,0.3068693088114076
274,WH,0.04594459660526085
275,EK,-0.513082467856833
276,YN,-0.6735300733884659
277,NE,-1.0750393582264492
278,CA,0.2165653562988179
279,IN,-0.43777834520227743
280,AQ,-0.3904439758028717
281,WQ,-0.03831127981662012
282,QE,-0.8355234552372309
283,QS,-0.5650219077907856
284,SC,-0.048981471679150484
285,CE,-0.9278645770863074
286,GW,-0.022849617557386747
287,NN,-0.9747942531950335
288,NL,-0.44678873186378176
289,DM,-0.5951912999268614
290,NQ,-0.5567464075208219
291,QT,-0.4047901595873396
292,GQ,-0.7043357693519295
293,LD,-0.6312555564167586
294,MH,-0.42731811667637876
295,CM,0.24661070063734314
296,SN,-0.8382293486131558
297,NM,-0.3878854148204545
298,CT,-0.05203294634067625
299,HR,-0.013320568762811189
300,EN,-0.8091412522066774
301,QD,-1.0201833790734314
302,FE,-0.6510317034708951
303,EV,-0.6852986420927701
304,WE,-0.5637828356752372
305,QG,-0.7571857387376548
306,GK,-0.5764037782634377
307,ED,-1.1691707703521272
308,WY,0.2802308230467996
309,KD,-0.8300269144228059
310,DK,-0.6066749360705076
311,DV,-0.5008245584328663
312,KG,-0.623478182138262
313,CP,-1.336012832022586
314,WW,0.6268346765770403
315,GD,-1.3787197690070814
316,DI,-0.5735125125781249
317,MM,0.2910024717421512
318,YQ,-0.27441033775522056
319,CQ,-0.49609513972576924
320,QA,-0.42804403497650334
321,YE,-0.5993035351088151
322,KP,-1.2621319757426805
323,RC,-0.2304228833547059
324,QI,-0.30462673794104517
325,CN,-0.4600333981368754
326,NH,-0.45744058755859585
327,KM,-0.013580963183664946
328,VQ,-0.37638675555266626
329,PE,-1.5094975497350975
330,PY,-0.8037076489373888
331,HF,-0.17010761887163248
332,PK,-0.9226350988922412
333,HN,-0.8907157823060763
334,NI,-0.4045306441719061
335,DN,-1.2652788640609804
336,DF,-0.6781056502009755
337,EI,-0.5400387326327253
338,YM,0.11466550151617973
339,HH,-0.4797665140309678
340,QL,-0.31774870154039764
341,PP,-1.3736014441971007
342,WP,-0.6848265284000131
343,CH,-0.3586397795617337
344,SP,-1.1764969989852263
345,MS,-0.021425736999050836
346,DY,-0.7754064544853922
347,NF,-0.591990097605602
348,DQ,-1.0254782810102476
349,DP,-1.0578877136519678
350,HC,-0.6379590611105863
351,NC,-0.7867159665838136
352,AH,-0.47744388404099236
353,NG,-1.2923902203208417
354,MQ,-0.40347838675933956
355,IQ,-0.3977690741558894
356,PC,-0.6943846044761274
357,QN,-0.7327912997925055
358,QY,-0.322723827505826
359,TN,-0.7748449462389958
360,QM,-0.3192341959637043
361,FP,-0.5826681798356111
362,AD,-0.7387590890301271
363,MN,-0.41715340165548404
364,ID,-0.9787561836460552
365,QW,-0.27222873189513375
366,PR,-1.117709185625238
367,DG,-1.178193265389629
368,EF,-0.7949155060510614
369,GN,-1.1740584448276021
370,PQ,-1.2404764453001038
371,EC,-1.0571827909600984
372,WD,-0.4747183556955169
373,DC,-1.218500704447898
374,HE,-0.9836009532077656
375,MD,-1.0372698057398058
376,DH,-0.942375385681046
377,EY,-0.938429366075473
378,HD,-1.052069087852943
379,VH,-0.4131386988320355
380,HG,-0.928802578491772
381,ND,-1.4974388143327846
382,HP,-1.3430635911998507
383,PD,-1.4841670778535947
384,FD,-0.7684244934472257
385,TD,-0.9934197805337186
386,RP,-1.2107988480308864
387,MP,-0.7133867906082615
388,PH,-1.5555625054285462
389,DD,-1.474107025464567
390,YD,-1.021790815871257
391,CD,-1.1821578382980633
392,EP,-1.5410490481025299
393,YP,-1.0483792229897784
394,WN,-0.24237708063953803
395,TP,-1.2537774336858003
396,QC,-0.7910266171782998
397,NY,-0.6921013129349178
398,NP,-1.4687349339981919
399,PN,-1.5441650075288802
400,GU,0
401,SU,0
402,UG,0
403,TU,0
404,UP,0
405,RU,0
405,UK,0
